<?xml version="1.0" encoding="utf-8" ?>
<!DOCTYPE article PUBLIC "-//NLM//DTD JATS (Z39.96) Journal Archiving
and Interchange DTD v1.2 20190208//EN" "JATS-archivearticle1.dtd">

<article xmlns:mml="http://www.w3.org/1998/Math/MathML" xmlns:xlink="http://www.w3.org/1999/xlink" dtd-version="1.2" article-type="other">

<front>
<journal-meta>
<journal-id></journal-id>

<journal-title-group>
<journal-title>Futurewise</journal-title>
</journal-title-group>
<issn></issn>

<publisher>
<publisher-name></publisher-name>
</publisher>
</journal-meta>


<article-meta>


<title-group>
<article-title>Unlocking Smart Growth: The Effects of Proposed
Transit-Oriented Development Laws on the Puget Sound
Region</article-title>
<subtitle>Exploring the Impact of the Community and Transit-Oriented
Housing Development Bills (HB 2160/SB 6024) Across Washington State’s
Central Puget Sound Region</subtitle>
</title-group>

<contrib-group>
<contrib contrib-type="author" corresp="yes">
<name>
<surname>Martin</surname>
<given-names>Tiernan</given-names>
</name>
<string-name>Tiernan Martin</string-name>

<email>tiernan@futurewise.org</email>
<role vocab="https://credit.niso.org" vocab-term="investigation" vocab-term-identifier="https://credit.niso.org/contributor-roles/investigation/">Investigation</role>
<role vocab="https://credit.niso.org" vocab-term="project
administration" vocab-term-identifier="https://credit.niso.org/contributor-roles/project-administration/">Project
administration</role>
<role vocab="https://credit.niso.org" vocab-term="software" vocab-term-identifier="https://credit.niso.org/contributor-roles/software/">Software</role>
<role vocab="https://credit.niso.org" vocab-term="visualization" vocab-term-identifier="https://credit.niso.org/contributor-roles/visualization/">Visualization</role>
<xref ref-type="aff" rid="aff-1">a</xref>
<xref ref-type="corresp" rid="cor-1">&#x002A;</xref>
</contrib>
</contrib-group>
<aff id="aff-1">
<institution-wrap>
<institution>Futurewise</institution>
</institution-wrap>







</aff>
<author-notes>
<corresp id="cor-1">tiernan@futurewise.org</corresp>
</author-notes>

<pub-date date-type="pub" publication-format="electronic" iso-8601-date="2024-02-08">
<year>2024</year>
<month>2</month>
<day>8</day>
</pub-date>







<history></history>


<abstract>
<p>During the 2024 legislative session in Washington State, two bills
were introduced in both the House and the Senate aimed at promoting
community and transit-oriented housing development. These bills, HB 2160
and SB 6024, propose mandating cities to permit developments of a
specific scale within certain distances from high-capacity transit
stops. This study evaluates the extent to which the proposed increases
in development capacity under these bills exceed current allowances. The
findings indicate a substantial enhancement in development potential for
the majority of areas within walking distance of transit stops.
Specifically, for land that is developable and presently zoned for lower
development capacity than what the bills propose, the average increase
in capacity is projected to be +1.35 in terms of floor area ratio
(FAR).</p>
</abstract>
<kwd-group kwd-group-type="author">
<kwd>Transit-Oriented Development</kwd>
<kwd>Puget Sound Region</kwd>
<kwd>Washington State 2024 Legislative Session</kwd>
</kwd-group>




</article-meta>

</front>

<body>
<sec id="introduction">
  <title>1 Introduction</title>
  <fig id="fig-timeline">
    <caption><p>Figure 1: Timeline of recent earthquakes on La
    Palma</p></caption>
    <graphic mimetype="image" mime-subtype="png" xlink:href="index_files/figure-jats/fig-timeline-1.png" />
  </fig>
  <p>Based on data up to and including 1971, eruptions on La Palma
  happen every 79.8 years on average.</p>
  <p>Studies of the magma systems feeding the volcano, such as Marrero
  et al.
  (<xref alt="2019" rid="ref-marrero2019" ref-type="bibr">2019</xref>),
  have proposed that there are two main magma reservoirs feeding the
  Cumbre Vieja volcano; one in the mantle (30-40km depth) which charges
  and in turn feeds a shallower crustal reservoir (10-20km depth).</p>
  <p>Eight eruptions have been recorded since the late 1400s
  (<xref alt="Figure 1" rid="fig-timeline">Figure 1</xref>).</p>
  <p>Data and methods are discussed in
  <xref alt="Section 2" rid="sec-data-methods">Section 2</xref>.</p>
  <p>Let <inline-formula><alternatives>
  <tex-math><![CDATA[x]]></tex-math>
  <mml:math display="inline" xmlns:mml="http://www.w3.org/1998/Math/MathML"><mml:mi>x</mml:mi></mml:math></alternatives></inline-formula>
  denote the number of eruptions in a year. Then,
  <inline-formula><alternatives>
  <tex-math><![CDATA[x]]></tex-math>
  <mml:math display="inline" xmlns:mml="http://www.w3.org/1998/Math/MathML"><mml:mi>x</mml:mi></mml:math></alternatives></inline-formula>
  can be modeled by a Poisson distribution</p>
  <p><styled-content id="eq-poisson"><disp-formula><alternatives>
  <tex-math><![CDATA[
  p(x) = \frac{e^{-\lambda} \lambda^{x}}{x !}
   \qquad(1)]]></tex-math>
  <mml:math display="block" xmlns:mml="http://www.w3.org/1998/Math/MathML"><mml:mrow><mml:mi>p</mml:mi><mml:mrow><mml:mo stretchy="true" form="prefix">(</mml:mo><mml:mi>x</mml:mi><mml:mo stretchy="true" form="postfix">)</mml:mo></mml:mrow><mml:mo>=</mml:mo><mml:mfrac><mml:mrow><mml:msup><mml:mi>e</mml:mi><mml:mrow><mml:mo>−</mml:mo><mml:mi>λ</mml:mi></mml:mrow></mml:msup><mml:msup><mml:mi>λ</mml:mi><mml:mi>x</mml:mi></mml:msup></mml:mrow><mml:mrow><mml:mi>x</mml:mi><mml:mi>!</mml:mi></mml:mrow></mml:mfrac><mml:mspace width="2.0em"></mml:mspace><mml:mrow><mml:mo stretchy="true" form="prefix">(</mml:mo><mml:mn>1</mml:mn><mml:mo stretchy="true" form="postfix">)</mml:mo></mml:mrow></mml:mrow></mml:math></alternatives></disp-formula></styled-content></p>
  <p>where <inline-formula><alternatives>
  <tex-math><![CDATA[\lambda]]></tex-math>
  <mml:math display="inline" xmlns:mml="http://www.w3.org/1998/Math/MathML"><mml:mi>λ</mml:mi></mml:math></alternatives></inline-formula>
  is the rate of eruptions per year. Using
  <xref alt="Equation 1" rid="eq-poisson">Equation 1</xref>, the
  probability of an eruption in the next <inline-formula><alternatives>
  <tex-math><![CDATA[t]]></tex-math>
  <mml:math display="inline" xmlns:mml="http://www.w3.org/1998/Math/MathML"><mml:mi>t</mml:mi></mml:math></alternatives></inline-formula>
  years can be calculated.</p>
  <fig id="tbl-history">
    <caption><p>Table 1: Recent historic eruptions on La
    Palma</p></caption>
    <table-wrap>
      <table>
        <thead>
          <tr>
            <th>Name</th>
            <th>Year</th>
          </tr>
        </thead>
        <tbody>
          <tr>
            <td>Current</td>
            <td>2021</td>
          </tr>
          <tr>
            <td>Teneguía</td>
            <td>1971</td>
          </tr>
          <tr>
            <td>Nambroque</td>
            <td>1949</td>
          </tr>
          <tr>
            <td>El Charco</td>
            <td>1712</td>
          </tr>
          <tr>
            <td>Volcán San Antonio</td>
            <td>1677</td>
          </tr>
          <tr>
            <td>Volcán San Martin</td>
            <td>1646</td>
          </tr>
          <tr>
            <td>Tajuya near El Paso</td>
            <td>1585</td>
          </tr>
          <tr>
            <td>Montaña Quemada</td>
            <td>1492</td>
          </tr>
        </tbody>
      </table>
    </table-wrap>
  </fig>
  <p><xref alt="Table 1" rid="tbl-history">Table 1</xref> summarises the
  eruptions recorded since the colonization of the islands by Europeans
  in the late 1400s.</p>
  <fig id="fig-map">
    <caption><p>Figure 2: Map of La Palma</p></caption>
    <graphic mimetype="image" mime-subtype="png" xlink:href="images/la-palma-map.png" />
  </fig>
  <p>La Palma is one of the west most islands in the Volcanic
  Archipelago of the Canary Islands
  (<xref alt="Figure 2" rid="fig-map">Figure 2</xref>).</p>
  <fig id="fig-spatial-plot">
    <caption><p>Figure 3: Locations of earthquakes on La Palma since
    2017</p></caption>
    <graphic mimetype="image" mime-subtype="png" xlink:href="index_files/figure-jats/notebooks-explore-earthquakes-fig-spatial-plot-output-1.png" />
  </fig>
  <p><xref alt="Figure 3" rid="fig-spatial-plot">Figure 3</xref> shows
  the location of recent Earthquakes on La Palma.</p>
</sec>
<sec id="sec-data-methods">
  <title>2 Data &amp; Methods</title>
</sec>
<sec id="results">
  <title>3 Results</title>
</sec>
<sec id="discussion">
  <title>4 Discussion</title>
</sec>
<sec id="conclusion">
  <title>5 Conclusion</title>
</sec>
<sec id="acknowledgments">
  <title>6 Acknowledgments</title>
</sec>
</body>

<back>
<ref-list>
  <title>References</title>
  <ref id="ref-marrero2019">
    <element-citation publication-type="article-journal">
      <person-group person-group-type="author">
        <name><surname>Marrero</surname><given-names>José</given-names></name>
        <name><surname>García</surname><given-names>Alicia</given-names></name>
        <name><surname>Berrocoso</surname><given-names>Manuel</given-names></name>
        <name><surname>Llinares</surname><given-names>Ángeles</given-names></name>
        <name><surname>Rodríguez-Losada</surname><given-names>Antonio</given-names></name>
        <name><surname>Ortiz</surname><given-names>R.</given-names></name>
      </person-group>
      <article-title>Strategies for the development of volcanic hazard maps in monogenetic volcanic fields: The example of La Palma (Canary Islands)</article-title>
      <source>Journal of Applied Volcanology</source>
      <year iso-8601-date="2019-07">2019</year><month>07</month>
      <volume>8</volume>
      <pub-id pub-id-type="doi">10.1186/s13617-019-0085-5</pub-id>
      <fpage></fpage>
      <lpage></lpage>
    </element-citation>
  </ref>
</ref-list>
</back>

<sub-article article-type="notebook" id="nb-4-nb-article">
<front-stub>
<title-group>
<article-title>Unlocking Smart Growth: The Effects of Proposed
Transit-Oriented Development Laws on the Puget Sound
Region</article-title>
<subtitle>Exploring the Impact of the Community and Transit-Oriented
Housing Development Bills (HB 2160/SB 6024) Across Washington State’s
Central Puget Sound Region</subtitle>
</title-group>
<contrib-group>
<contrib contrib-type="author" corresp="yes">
<name>
<surname>Martin</surname>
<given-names>Tiernan</given-names>
</name>
<string-name>Tiernan Martin</string-name>

<email>tiernan@futurewise.org</email>
<role vocab="https://credit.niso.org" vocab-term="investigation" vocab-term-identifier="https://credit.niso.org/contributor-roles/investigation/">Investigation</role>
<role vocab="https://credit.niso.org" vocab-term="project
administration" vocab-term-identifier="https://credit.niso.org/contributor-roles/project-administration/">Project
administration</role>
<role vocab="https://credit.niso.org" vocab-term="software" vocab-term-identifier="https://credit.niso.org/contributor-roles/software/">Software</role>
<role vocab="https://credit.niso.org" vocab-term="visualization" vocab-term-identifier="https://credit.niso.org/contributor-roles/visualization/">Visualization</role>
<xref ref-type="aff" rid="aff-1-nb-article">a</xref>
<xref ref-type="corresp" rid="cor-1-nb-article">&#x002A;</xref>
</contrib>
</contrib-group>
<aff id="aff-1-nb-article">
<institution-wrap>
<institution>Futurewise</institution>
</institution-wrap>







</aff>
<author-notes>
<corresp id="cor-1-nb-article">tiernan@futurewise.org</corresp>
</author-notes>
<abstract>
<p>During the 2024 legislative session in Washington State, two bills
were introduced in both the House and the Senate aimed at promoting
community and transit-oriented housing development. These bills, HB 2160
and SB 6024, propose mandating cities to permit developments of a
specific scale within certain distances from high-capacity transit
stops. This study evaluates the extent to which the proposed increases
in development capacity under these bills exceed current allowances. The
findings indicate a substantial enhancement in development potential for
the majority of areas within walking distance of transit stops.
Specifically, for land that is developable and presently zoned for lower
development capacity than what the bills propose, the average increase
in capacity is projected to be +1.35 in terms of floor area ratio
(FAR).</p>
</abstract>
</front-stub>

<body>
<sec id="introduction-nb-article">
  <title>1 Introduction</title>
  <sec id="nb-code-cell-1-nb-article" specific-use="notebook-code">
  <code language="r script">eruptions &lt;- c(1492, 1585, 1646, 1677, 1712, 1949, 1971, 2021)
n_eruptions &lt;- length(eruptions)</code>
  </sec>
  <sec id="cell-fig-timeline-nb-article" specific-use="notebook-code">
  <code language="r script">par(mar = c(3, 1, 1, 1) + 0.1)
plot(eruptions, rep(0, n_eruptions), 
  pch = &quot;|&quot;, axes = FALSE)
axis(1)
box()</code>
  <fig id="fig-timeline-nb-article">
    <caption><p>Figure 1: Timeline of recent earthquakes on La
    Palma</p></caption>
    <graphic mimetype="image" mime-subtype="png" xlink:href="index_files/figure-jats/fig-timeline-1.png" />
  </fig>
  </sec>
  <sec id="nb-code-cell-2-nb-article" specific-use="notebook-code">
  <code language="r script">avg_years_between_eruptions &lt;- mean(diff(eruptions[-n_eruptions]))
avg_years_between_eruptions</code>
  <sec id="nb-code-cell-2-output-0-nb-article" specific-use="notebook-output">
  <preformat>[1] 79.83333</preformat>
  </sec>
  </sec>
  <p>Based on data up to and including 1971, eruptions on La Palma
  happen every 79.8 years on average.</p>
  <p>Studies of the magma systems feeding the volcano, such as Marrero
  et al.
  (<xref alt="2019" rid="ref-marrero2019-nb-article" ref-type="bibr">2019</xref>),
  have proposed that there are two main magma reservoirs feeding the
  Cumbre Vieja volcano; one in the mantle (30-40km depth) which charges
  and in turn feeds a shallower crustal reservoir (10-20km depth).</p>
  <p>Eight eruptions have been recorded since the late 1400s
  (<xref alt="Figure 1" rid="fig-timeline-nb-article">Figure 1</xref>).</p>
  <p>Data and methods are discussed in
  <xref alt="Section 2" rid="sec-data-methods-nb-article">Section 2</xref>.</p>
  <p>Let <inline-formula><alternatives>
  <tex-math><![CDATA[x]]></tex-math>
  <mml:math display="inline" xmlns:mml="http://www.w3.org/1998/Math/MathML"><mml:mi>x</mml:mi></mml:math></alternatives></inline-formula>
  denote the number of eruptions in a year. Then,
  <inline-formula><alternatives>
  <tex-math><![CDATA[x]]></tex-math>
  <mml:math display="inline" xmlns:mml="http://www.w3.org/1998/Math/MathML"><mml:mi>x</mml:mi></mml:math></alternatives></inline-formula>
  can be modeled by a Poisson distribution</p>
  <p><styled-content id="eq-poisson-nb-article"><disp-formula><alternatives>
  <tex-math><![CDATA[
  p(x) = \frac{e^{-\lambda} \lambda^{x}}{x !}
   \qquad(1)]]></tex-math>
  <mml:math display="block" xmlns:mml="http://www.w3.org/1998/Math/MathML"><mml:mrow><mml:mi>p</mml:mi><mml:mrow><mml:mo stretchy="true" form="prefix">(</mml:mo><mml:mi>x</mml:mi><mml:mo stretchy="true" form="postfix">)</mml:mo></mml:mrow><mml:mo>=</mml:mo><mml:mfrac><mml:mrow><mml:msup><mml:mi>e</mml:mi><mml:mrow><mml:mo>−</mml:mo><mml:mi>λ</mml:mi></mml:mrow></mml:msup><mml:msup><mml:mi>λ</mml:mi><mml:mi>x</mml:mi></mml:msup></mml:mrow><mml:mrow><mml:mi>x</mml:mi><mml:mi>!</mml:mi></mml:mrow></mml:mfrac><mml:mspace width="2.0em"></mml:mspace><mml:mrow><mml:mo stretchy="true" form="prefix">(</mml:mo><mml:mn>1</mml:mn><mml:mo stretchy="true" form="postfix">)</mml:mo></mml:mrow></mml:mrow></mml:math></alternatives></disp-formula></styled-content></p>
  <p>where <inline-formula><alternatives>
  <tex-math><![CDATA[\lambda]]></tex-math>
  <mml:math display="inline" xmlns:mml="http://www.w3.org/1998/Math/MathML"><mml:mi>λ</mml:mi></mml:math></alternatives></inline-formula>
  is the rate of eruptions per year. Using
  <xref alt="Equation 1" rid="eq-poisson-nb-article">Equation 1</xref>, the
  probability of an eruption in the next <inline-formula><alternatives>
  <tex-math><![CDATA[t]]></tex-math>
  <mml:math display="inline" xmlns:mml="http://www.w3.org/1998/Math/MathML"><mml:mi>t</mml:mi></mml:math></alternatives></inline-formula>
  years can be calculated.</p>
  <fig id="tbl-history-nb-article">
    <caption><p>Table 1: Recent historic eruptions on La
    Palma</p></caption>
    <table-wrap>
      <table>
        <thead>
          <tr>
            <th>Name</th>
            <th>Year</th>
          </tr>
        </thead>
        <tbody>
          <tr>
            <td>Current</td>
            <td>2021</td>
          </tr>
          <tr>
            <td>Teneguía</td>
            <td>1971</td>
          </tr>
          <tr>
            <td>Nambroque</td>
            <td>1949</td>
          </tr>
          <tr>
            <td>El Charco</td>
            <td>1712</td>
          </tr>
          <tr>
            <td>Volcán San Antonio</td>
            <td>1677</td>
          </tr>
          <tr>
            <td>Volcán San Martin</td>
            <td>1646</td>
          </tr>
          <tr>
            <td>Tajuya near El Paso</td>
            <td>1585</td>
          </tr>
          <tr>
            <td>Montaña Quemada</td>
            <td>1492</td>
          </tr>
        </tbody>
      </table>
    </table-wrap>
  </fig>
  <p><xref alt="Table 1" rid="tbl-history-nb-article">Table 1</xref> summarises the
  eruptions recorded since the colonization of the islands by Europeans
  in the late 1400s.</p>
  <fig id="fig-map-nb-article">
    <caption><p>Figure 2: Map of La Palma</p></caption>
    <graphic mimetype="image" mime-subtype="png" xlink:href="images/la-palma-map.png" />
  </fig>
  <p>La Palma is one of the west most islands in the Volcanic
  Archipelago of the Canary Islands
  (<xref alt="Figure 2" rid="fig-map-nb-article">Figure 2</xref>).</p>
  <sec id="cell-fig-spatial-plot-nb-article" specific-use="notebook-code">
  <code language="python">la_palma |&gt; 
  ggplot(aes(Longitude, Latitude)) +
  geom_point(aes(color = Magnitude, size = 40-`Depth(km)`)) +
  scale_color_viridis_c(direction = -1) + 
  scale_size(range = c(0.5, 2), guide = &quot;none&quot;) +
  theme_bw()</code>
  <sec id="cell-fig-spatial-plot-output-0-nb-article" specific-use="notebook-output">
  <fig id="fig-spatial-plot-nb-article">
    <caption><p>Figure 3: Locations of earthquakes on La Palma since
    2017</p></caption>
    <graphic mimetype="image" mime-subtype="png" xlink:href="index_files/figure-jats/notebooks-explore-earthquakes-fig-spatial-plot-output-1.png" />
  </fig>
  </sec>
  </sec>
  <p><xref alt="Figure 3" rid="fig-spatial-plot-nb-article">Figure 3</xref> shows
  the location of recent Earthquakes on La Palma.</p>
</sec>
<sec id="sec-data-methods-nb-article">
  <title>2 Data &amp; Methods</title>
</sec>
<sec id="results-nb-article">
  <title>3 Results</title>
</sec>
<sec id="discussion-nb-article">
  <title>4 Discussion</title>
</sec>
<sec id="conclusion-nb-article">
  <title>5 Conclusion</title>
</sec>
<sec id="acknowledgments-nb-article">
  <title>6 Acknowledgments</title>
</sec>
</body>



<back>
<ref-list>
  <title>References</title>
  <ref id="ref-marrero2019-nb-article">
    <element-citation publication-type="article-journal">
      <person-group person-group-type="author">
        <name><surname>Marrero</surname><given-names>José</given-names></name>
        <name><surname>García</surname><given-names>Alicia</given-names></name>
        <name><surname>Berrocoso</surname><given-names>Manuel</given-names></name>
        <name><surname>Llinares</surname><given-names>Ángeles</given-names></name>
        <name><surname>Rodríguez-Losada</surname><given-names>Antonio</given-names></name>
        <name><surname>Ortiz</surname><given-names>R.</given-names></name>
      </person-group>
      <article-title>Strategies for the development of volcanic hazard maps in monogenetic volcanic fields: The example of La Palma (Canary Islands)</article-title>
      <source>Journal of Applied Volcanology</source>
      <year iso-8601-date="2019-07">2019</year><month>07</month>
      <volume>8</volume>
      <pub-id pub-id-type="doi">10.1186/s13617-019-0085-5</pub-id>
      <fpage></fpage>
      <lpage></lpage>
    </element-citation>
  </ref>
</ref-list>
</back>


</sub-article>
<sub-article article-type="notebook" id="nb-2-nb-1">
<front-stub>
<title-group>
<article-title>Explore Earthquakes</article-title>
</title-group>
<contrib-group>
<contrib contrib-type="author">
<name>
<surname>Wickham</surname>
<given-names>Charlotte</given-names>
</name>
<string-name>Charlotte Wickham</string-name>

</contrib>
</contrib-group>
</front-stub>

<body>
<sec id="nb-code-cell-1-nb-1" specific-use="notebook-code">
<code language="r script">library(tidyverse)
</code>
<sec id="nb-code-cell-1-output-0-nb-1" specific-use="notebook-output">
<preformat>── Attaching core tidyverse packages ──────────────────────── tidyverse 2.0.0 ──
✔ dplyr     1.1.3     ✔ readr     2.1.4
✔ forcats   1.0.0     ✔ stringr   1.5.0
✔ ggplot2   3.4.3     ✔ tibble    3.2.1
✔ lubridate 1.9.2     ✔ tidyr     1.3.0
✔ purrr     1.0.2     
── Conflicts ────────────────────────────────────────── tidyverse_conflicts() ──
✖ dplyr::filter() masks stats::filter()
✖ dplyr::lag()    masks stats::lag()
ℹ Use the conflicted package (&lt;http://conflicted.r-lib.org/&gt;) to force all conflicts to become errors</preformat>
</sec>
</sec>
<p>Read a clean version of data:</p>
<sec id="nb-code-cell-2-nb-1" specific-use="notebook-code">
<code language="r script">la_palma &lt;- read_csv(&quot;la-palma.csv&quot;)
</code>
<sec id="nb-code-cell-2-output-0-nb-1" specific-use="notebook-output">
<preformat>Rows: 11347 Columns: 5
── Column specification ────────────────────────────────────────────────────────
Delimiter: &quot;,&quot;
dbl  (4): Longitude, Latitude, Depth(km), Magnitude
dttm (1): DateTime

ℹ Use `spec()` to retrieve the full column specification for this data.
ℹ Specify the column types or set `show_col_types = FALSE` to quiet this message.</preformat>
</sec>
</sec>
<p>Create spatial plot:</p>
<sec id="cell-fig-spatial-plot-nb-1" specific-use="notebook-code">
<code language="r script">#|   against longitude.&quot;
la_palma |&gt; 
  ggplot(aes(Longitude, Latitude)) +
  geom_point(aes(color = Magnitude, size = 40-`Depth(km)`)) +
  scale_color_viridis_c(direction = -1) + 
  scale_size(range = c(0.5, 2), guide = &quot;none&quot;) +
  theme_bw()
</code>
<fig id="fig-spatial-plot-nb-1">
  <caption><p>Locations of earthquakes on La Palma since
  2017</p></caption>
  <graphic mimetype="image" mime-subtype="png" xlink:href="explore-earthquakes_files/figure-jats/fig-spatial-plot-1.png" />
</fig>
</sec>
</body>



<back>
</back>


</sub-article>

</article>