{
  "hash": "6ef3b60bf4ddc1f6eed3fda497997042",
  "result": {
    "engine": "knitr",
    "markdown": "---\ntitle: \"Unlocking Smart Growth: The Effect of Proposed Transit-Oriented Development Laws in the Puget Sound Region\"\nsubtitle: \"Exploring the Impact of the Community and Transit-Oriented Housing Development Bills (HB 2160/SB 6024) Across Washington State's Central Puget Sound Region\"\nauthor:\n  - name: Tiernan Martin\n    corresponding: true\n    email: tiernan@futurewise.org\n    roles:\n      - Investigation\n      - Project administration\n      - Software\n      - Visualization\n    affiliations:\n      - Futurewise\nkeywords:\n  - Transit-Oriented Development\n  - Puget Sound region\n  - Washington State 2024 Legislative Session\nabstract: |\n  During the 2024 legislative session in Washington State, two bills were introduced in both the House and the Senate aimed at promoting community and transit-oriented housing development. These bills, HB 2160 and SB 6024, propose mandating cities to permit developments of a specific scale within certain distances from high-capacity transit stops. This study evaluates the extent to which the proposed increases in development capacity under these bills exceed current allowances. The findings indicate a substantial enhancement in development potential for the majority of areas within walking distance of transit stops. Specifically, for land that is developable and presently zoned for lower development capacity than what the bills propose, the average increase in capacity is projected to be +1.35 in terms of floor area ratio (FAR).\n \nplain-language-summary: |\n  In 2024, the Washington State Legislature considered two new laws aimed at making it easier to build homes near public transit areas, like light rail stations and bus rapid transit stops. These laws would require cities to allow taller, denser buildings in these areas. Our study looked at how much more development could happen under these new laws compared to what's currently allowed. We found that, if these laws pass, there would be a lot more room for building new homes and apartments near transit stops.\nkey-points:\n  - \"Washington State Legislature's HB 2160 and SB 6024 (2024 legislative session) would substantially increase development capacity for most of the land within walking distance of high-capacity transit stops\"\ndate: last-modified\nbibliography: references.bib\ncitation:\n  container-title: Futurewise\nnumber-sections: true\n---\n\n\n\n\n## Introduction\n\n\n\n\n::: {.cell}\n\n```{.r .cell-code .hidden}\neruptions <- c(1492, 1585, 1646, 1677, 1712, 1949, 1971, 2021)\nn_eruptions <- length(eruptions)\n```\n:::\n\n::: {#cell-fig-timeline .cell}\n\n```{.r .cell-code .hidden}\npar(mar = c(3, 1, 1, 1) + 0.1)\nplot(eruptions, rep(0, n_eruptions), \n  pch = \"|\", axes = FALSE)\naxis(1)\nbox()\n```\n\n::: {.cell-output-display}\n![Timeline of recent earthquakes on La Palma](index_files/figure-jats/fig-timeline-1.png){#fig-timeline fig-alt='An event plot of the years of the last 8 eruptions on La Palma.'}\n:::\n:::\n\n::: {.cell}\n\n```{.r .cell-code .hidden}\navg_years_between_eruptions <- mean(diff(eruptions[-n_eruptions]))\navg_years_between_eruptions\n```\n\n::: {.cell-output .cell-output-stdout .hidden}\n\n```\n[1] 79.83333\n```\n\n\n:::\n:::\n\n\n\n\nBased on data up to and including 1971, eruptions on La Palma happen every 79.8 years on average.\n\nStudies of the magma systems feeding the volcano, such as @marrero2019, have proposed that there are two main magma reservoirs feeding the Cumbre Vieja volcano; one in the mantle (30-40km depth) which charges and in turn feeds a shallower crustal reservoir (10-20km depth).\n\nEight eruptions have been recorded since the late 1400s (@fig-timeline).\n\nData and methods are discussed in @sec-data-methods.\n\nLet $x$ denote the number of eruptions in a year. Then, $x$ can be modeled by a Poisson distribution\n\n$$\np(x) = \\frac{e^{-\\lambda} \\lambda^{x}}{x !}\n$$ {#eq-poisson}\n\nwhere $\\lambda$ is the rate of eruptions per year. Using @eq-poisson, the probability of an eruption in the next $t$ years can be calculated.\n\n| Name                 | Year   |\n| -------------------- | ------ |\n| Current              | 2021   |\n| Teneguía             | 1971   |\n| Nambroque            | 1949   |\n| El Charco            | 1712   |\n| Volcán San Antonio   | 1677   |\n| Volcán San Martin    | 1646   |\n| Tajuya near El Paso  | 1585   |\n| Montaña Quemada      | 1492   |\n\n: Recent historic eruptions on La Palma {#tbl-history}\n\n@tbl-history summarises the eruptions recorded since the colonization of the islands by Europeans in the late 1400s.\n\n![Map of La Palma](images/la-palma-map.png){#fig-map}\n\nLa Palma is one of the west most islands in the Volcanic Archipelago of the Canary Islands (@fig-map). \n\n\n\n\n{{< embed notebooks/explore-earthquakes.qmd#fig-spatial-plot >}}\n\n\n\n\n\n\n\n@fig-spatial-plot shows the location of recent Earthquakes on La Palma.\n\n## Data & Methods {#sec-data-methods}\n\n## Results\n## Discussion\n## Conclusion\n\n## References {.unnumbered}\n\n:::{#refs}\n\n:::",
    "supporting": [
      "index_files\\figure-jats"
    ],
    "filters": [
      "rmarkdown/pagebreak.lua"
    ],
    "includes": {},
    "engineDependencies": {},
    "preserve": null,
    "postProcess": false
  }
}